tickers,name,financial_instrument,sector,industry,country,description
AMD,"Advanced Micro Devices, Inc.",EQUITY,Technology,Semiconductors,United States,"Advanced Micro Devices, Inc. operates as a semiconductor company worldwide. It operates through four segments: Data Center, Client, Gaming, and Embedded. The company offers artificial intelligence (AI) accelerators, x86 microprocessors, and graphics processing units (GPUs) as standalone devices or as incorporated into accelerated processing units, chipsets, and data center and professional GPUs; and embedded processors and semi-custom system-on-chip (SoC) products, microprocessor and SoC development services and technology, data processing units, field programmable gate arrays (FPGA), system on modules, smart network interface cards, and adaptive SoC products. It provides processors under the AMD Ryzen, AMD Ryzen AI, AMD Ryzen PRO, AMD Ryzen Threadripper, AMD Ryzen Threadripper PRO, AMD Athlon, and AMD PRO A-Series brands; graphics under the AMD Radeon graphics and AMD Embedded Radeon graphics; and professional graphics under the AMD Radeon Pro graphics brand. The company offers data center graphics under the AMD Instinct accelerators and Radeon PRO V-series brands; server microprocessors under the AMD EPYC brand; low power solutions under the AMD Athlon, AMD Geode, AMD Ryzen, AMD EPYC, and AMD R-Series and G-Series brands; FPGA products under the Virtex-6, Virtex-7, Virtex UltraScale+, Kintex-7, Kintex UltraScale, Kintex UltraScale+, Artix-7, Artix UltraScale+, Spartan-6, and Spartan-7 brands; adaptive SOCs under the Zynq-7000, Zynq UltraScale+ MPSoC, Zynq UltraScale+ RFSoCs, Versal HBM, Versal Premium, Versal Prime, Versal AI Core, Versal AI Edge, Vitis, and Vivado brands; and compute and network acceleration board products under the Alveo and Pensando brands. It serves original equipment and design manufacturers, public cloud service providers, system integrators, independent distributors, and add-in-board manufacturers through its direct sales force and sales representatives. It also provides AI and general-purpose compute infrastructure for hyperscale providers. The company was incorporated in 1969 and is headquartered in Santa Clara, California."
SOUN,"SoundHound AI, Inc.",EQUITY,Technology,Software - Application,United States,"SoundHound AI, Inc. develops independent voice artificial intelligence (AI) solutions that enables businesses across automotive, TV, and IoT, and to customer service industries to deliver high-quality conversational experiences to their customers in the United States, Korea, France, Japan, Germany, and internationally. Its products include Houndify platform that offers a suite of Houndify tools to help brands build conversational voice assistants, such as Application Programming Interfaces (API) for text and voice queries, support for custom commands, extensive library of content domains, inclusive software development kit platforms, collaboration capabilities, diagnostic tools, and built-in analytics; SoundHound Chat AI that integrates with knowledge domains, pulling real-time data like weather, sports, stocks, flight status, and restaurants; and SoundHound Smart Answering is built to offer customer establishments custom AI-powered voice assistant. The company's products also include CaiNET software that uses machine learning to enhance how domains work together to handle queries; CaiLAN software that arbitrates responses, so users get answers from the right domain; Dynamic Interaction a real-time, multimodal customer service interface; Smart Ordering which offers an easy-to-understand voice assistant for restaurants; automatic speech recognition; natural language understanding; wake words; custom domains; text-to-speech; Employee Assist; and embedded voice solutions. The company was founded in 2005 and is headquartered in Santa Clara, California."
MSFT,Microsoft Corporation,EQUITY,Technology,Software - Infrastructure,United States,"Microsoft Corporation develops and supports software, services, devices and solutions worldwide. The Productivity and Business Processes segment offers office, exchange, SharePoint, Microsoft Teams, office 365 Security and Compliance, Microsoft viva, and Microsoft 365 copilot; and office consumer services, such as Microsoft 365 consumer subscriptions, Office licensed on-premises, and other office services. This segment also provides LinkedIn; and dynamics business solutions, including Dynamics 365, a set of intelligent, cloud-based applications across ERP, CRM, power apps, and power automate; and on-premises ERP and CRM applications. The Intelligent Cloud segment offers server products and cloud services, such as azure and other cloud services; SQL and windows server, visual studio, system center, and related client access licenses, as well as nuance and GitHub; and enterprise services including enterprise support services, industry solutions, and nuance professional services. The More Personal Computing segment offers Windows, including windows OEM licensing and other non-volume licensing of the Windows operating system; Windows commercial comprising volume licensing of the Windows operating system, windows cloud services, and other Windows commercial offerings; patent licensing; and windows Internet of Things; and devices, such as surface, HoloLens, and PC accessories. Additionally, this segment provides gaming, which includes Xbox hardware and content, and first- and third-party content; Xbox game pass and other subscriptions, cloud gaming, advertising, third-party disc royalties, and other cloud services; and search and news advertising, which includes Bing, Microsoft News and Edge, and third-party affiliates. The company sells its products through OEMs, distributors, and resellers; and directly through digital marketplaces, online, and retail stores. The company was founded in 1975 and is headquartered in Redmond, Washington."
QCOM,QUALCOMM Incorporated,EQUITY,Technology,Semiconductors,United States,"QUALCOMM Incorporated engages in the development and commercialization of foundational technologies for the wireless industry worldwide. It operates through three segments: Qualcomm CDMA Technologies (QCT); Qualcomm Technology Licensing (QTL); and Qualcomm Strategic Initiatives (QSI). The QCT segment develops and supplies integrated circuits and system software with advanced connectivity and high-performance, and low-power computing technologies for use in mobile devices; automotive systems for connectivity, digital cockpit, and ADAS/AD; and IoT, including consumer electronic devices, industrial devices, and edge networking products. The QTL segment grants licenses or provides rights to use portions of its intellectual property portfolio, which include various patent rights useful in the manufacture and sale of wireless products comprising products implementing CDMA2000, WCDMA, LTE and/or OFDMA-based 5G products. The QSI segment invests in early-stage companies in various industries, including 5G, artificial intelligence, automotive, consumer, enterprise, cloud, IoT, and extended reality, and investments, including non-marketable equity securities and, to a lesser extent, marketable equity securities, and convertible debt instruments. It also provides development, and other services and sells related products to the United States government agencies and their contractors. The company was incorporated in 1985 and is headquartered in San Diego, California."
SMCI,"Super Micro Computer, Inc.",EQUITY,Technology,Computer Hardware,United States,"Super Micro Computer, Inc., together with its subsidiaries, develops and sells high performance server and storage solutions based on modular and open architecture in the United States, Europe, Asia, and internationally. It offers various IT solutions, including complete servers, storage systems, modular blade servers, blades, workstations, full-rack scale solutions, networking devices, server sub-systems, and server management and security software. The company also provides application-optimized server solutions, rackmount and blade servers, storage, and subsystems and accessories; and server software management solutions, such as Server Management Suite, including Supermicro Server Manager, Supermicro Power Management software, Supermicro Update Manager, SuperCloud Composer, and SuperDoctor 5. In addition, it offers server subsystems and accessories comprising server boards, chassis, power supplies, and other accessories. Further, the company identifies service requirements, creates and executes project plans, conducts verification testing and training activities, and provides technical documentation services. Additionally, it offers help desk and on-site support services for its server and storage systems; and customer support services, including ongoing maintenance and technical support for its products. The company provides its products to enterprise data centers, cloud computing, artificial intelligence, 5G, and edge computing markets. It sells its products through direct and indirect sales force, distributors, value-added resellers, system integrators, and original equipment manufacturers. The company was incorporated in 1993 and is headquartered in San Jose, California."
GOOGL,Alphabet Inc.,EQUITY,Communication Services,Internet Content & Information,United States,"Alphabet Inc. offers various products and platforms in the United States, Europe, the Middle East, Africa, the Asia-Pacific, Canada, and Latin America. It operates through Google Services, Google Cloud, and Other Bets segments. The Google Services segment provides products and services, including ads, Android, Chrome, devices, Gmail, Google Drive, Google Maps, Google Photos, Google Play, Search, and YouTube. It is also involved in the sale of apps and in-app purchases and digital content in the Google Play and YouTube; and devices, as well as in the provision of YouTube consumer subscription services. The Google Cloud segment offers AI infrastructure, Vertex AI platform, cybersecurity, data and analytics, and other services; Google Workspace that include cloud-based communication and collaboration tools for enterprises, such as Calendar, Gmail, Docs, Drive, and Meet; and other services for enterprise customers. The Other Bets segment sells healthcare-related and internet services. The company was incorporated in 1998 and is headquartered in Mountain View, California."
QUBT,Quantum Computing Inc.,EQUITY,Technology,Computer Hardware,United States,"Quantum Computing Inc., an integrated photonics company, provides quantum machines to commercial and government markets in the United States. The company develops thin film lithium niobate chips for optical devices, such as electro-optical modulators, periodically poled devices for frequency conversion, and micro ring resonator cavities markets. It is also developing entropy quantum computer, a full-stack system, allows users to avoid the complexity of software development kits at the circuit level, as well as enables developers to create and execute quantum-ready applications using application programming interfaces. In addition, the company offers reservoir computer, an edge device that used an integrated circuit that can be reprogrammed after manufacturing and optimized for recurrent neural network applications; lidar which allows machines to see through dense fog and provide image fidelity at great distances in environments such as snow, ice, and water; quantum photonic vibrometer, an instrument for remote vibration detection, sensing, and inspection; and quantum networks and quantum authentication products. The company was formerly known as Innovative Beverage Group Holdings, Inc. Quantum Computing, Inc. was founded in 2001 and is based in Hoboken, New Jersey."
SYM,Symbotic Inc.,EQUITY,Industrials,Specialty Industrial Machinery,United States,"Symbotic Inc., an automation technology company, develops technologies to enhance operating efficiencies in modern warehouses. The company automates the processing of pallets and cases in large warehouses or distribution centers for retail companies. Its systems enhance operations at the front end of the supply chain. The company is headquartered in Wilmington, Massachusetts."
AMZN,"Amazon.com, Inc.",EQUITY,Consumer Cyclical,Internet Retail,United States,"Amazon.com, Inc. engages in the retail sale of consumer products, advertising, and subscriptions service through online and physical stores in North America and internationally. The company operates through three segments: North America, International, and Amazon Web Services (AWS). It also manufactures and sells electronic devices, including Kindle, fire tablets, fire TVs, echo, ring, blink, and eero; and develops and produces media content. In addition, the company offers programs that enable sellers to sell their products in its stores; and programs that allow authors, independent publishers, musicians, filmmakers, Twitch streamers, skill and app developers, and others to publish and sell content. Further, it provides compute, storage, database, analytics, machine learning, and other services, as well as advertising services through programs, such as sponsored ads, display, and video advertising. Additionally, the company offers Amazon Prime, a membership program. The company's products offered through its stores include merchandise and content purchased for resale and products offered by third-party sellers. It serves consumers, sellers, developers, enterprises, content creators, advertisers, and employees. Amazon.com, Inc. was incorporated in 1994 and is headquartered in Seattle, Washington."
IONQ,"IonQ, Inc.",EQUITY,Technology,Computer Hardware,United States,"IonQ, Inc. develops quantum computers and networks in the United States. It sells access to quantum computers of various qubit capacities. The company also makes access to its quantum computers through cloud platforms, such as Amazon Web Services (AWS) Amazon Braket, Microsoft's Azure Quantum, and Google's Cloud Marketplace, as well as through its cloud service. The company engages in quantum-safe networking and quantum detection systems. It offers quantum key distribution systems, quantum random number generators, and single-photon detectors. In addition, it provides contracts associated with the design, development, construction, and sale of specialized quantum computing hardware systems; maintenance and support services; and consulting services related to co-developing algorithms on quantum computing systems. The company has a collaboration agreement with AstraZeneca PLC for the development of quantum-accelerated computational chemistry workflow for healthcare, life sciences, and chemistry. The company was incorporated in 2015 and is headquartered in College Park, Maryland."
NTAP,"NetApp, Inc.",EQUITY,Technology,Computer Hardware,United States,"NetApp, Inc. provides a range of enterprise software, systems, and services that customers use to transform their data infrastructures in the United States, Canada, Latin America, Europe, the Middle East, Africa, and the Asia Pacific. It operates through two segments, Hybrid Cloud and Public Cloud. The company offers data management software, such as NetApp ONTAP, ONTAP One, NetApp Snapshot, NetApp SnapCenter Backup Management, NetApp SnapMirror Data Replication, and NetApp SnapLock Data Compliance; and storage infrastructure solutions, including NetApp All-Flash FAS (AFF A-Series), NetApp All-Flash FAS with capacity flash (AFF C-Series), NetApp All-Flash SAN Array (ASA A-Series & C-Series), NetApp Fabric Attached Storage (FAS), NetApp E/EF series, and NetApp StorageGRID. It also provides cloud storage services comprising NetApp Cloud Volumes ONTAP, Azure NetApp Files, Amazon FSx for NetApp ONTAP, and Google Cloud NetApp Volumes, as well as NetApp BlueXP, BlueXP Copy and Sync, BlueXP Backup and Recovery, BlueXP Classification, and BlueXP Ransomware Protection. In addition, the company offers operational services, such as NetApp Data Infrastructure Insights and Instaclustr; and professional and support services offerings include storage-as-a-service (STaaS), strategic consulting, professional, managed, and support services, as well as assessment, design, implementation, migration, and proactive support services to help customers optimize the performance and efficiency of their on-premises and hybrid multicloud storage environments. It serves various industries comprising energy, financial services, government, technology, internet, life sciences, healthcare services, manufacturing, media, entertainment, animation, video postproduction, and telecommunications through a direct sales force and an ecosystem of partners, including the leading cloud providers. NetApp, Inc. was incorporated in 1992 and is headquartered in San Jose, California."
ATLC,Atlanticus Holdings Corporation,EQUITY,Financial Services,Credit Services,United States,"Atlanticus Holdings Corporation, a financial technology company, provides products and services to lenders in the United States. It operates in two segments, Credit as a Service (CaaS) and Auto Finance. The CaaS segment offers private label credit products associated with the healthcare space under the Curae brand, as well as consumer electronics, furniture, elective medical procedures, and home-improvement under the Fortiva brand and its retail partners' brands; and general-purpose credit cards under the Aspire, Imagine, and Fortiva brand names. Its private label and general-purpose credit cards originated from its bank partners through various channels, including retail and healthcare point-of-sale locations, direct mail solicitation, and digital marketing and partnerships with third parties. This segment also offers loan servicing, such as risk management and customer service outsourcing for third parties, as well as engages in other product testing and investments. The Auto Finance segment purchases and/or services loans secured by automobiles from or for a pre-qualified network of independent automotive dealers and automotive finance companies in the buy-here and pay-here used car business. This segment also provides floor plan financing and installment lending products. The company was founded in 1996 and is headquartered in Atlanta, Georgia."
GC=F,Gold Price,FUTURE,Commodity,N/A,N/A,N/A
CL=F,Oil Price,FUTURE,Commodity,N/A,N/A,N/A
^VIX,CBOE Volatility Index,INDEX,Index,N/A,N/A,N/A
^GSPC,S&P 500,INDEX,Index,N/A,N/A,N/A
SHEL,Shell plc,EQUITY,Energy,Oil & Gas Integrated,United Kingdom,"Shell plc operates as an energy and petrochemical company Europe, Asia, Oceania, Africa, the United States, and other Americas. It operates through Integrated Gas; Upstream; Marketing; Chemicals and Products; and Renewables and Energy Solutions segments. The company explores for and extracts natural gas to produce liquefied natural gas or convert into gas-to-liquids products; explores for and extracts crude oil and natural gas liquids; and operates upstream and midstream infrastructure to deliver gas to market. It is also involved in marketing supplies fuels and lubricants for transport, manufacturing, mining, power generation, agriculture, and construction industries; operates electric vehicle charging and convenience retail; turn crude oil and other feedstocks into products for households, industry, and transport; trades crude oil, oil products, and petrochemicals; and oil sand activities. In addition, the company generates, markets, and trades power from wind, solar and pipeline gas; hydrogen production and marketing; commercial carbon capture and storage hubs; carbon credits and nature-based solutions; and provides heavy-duty LNG-fuelled trucks. Further, it offers base chemicals, including ethylene, propylene, and aromatics, as well as intermediate chemicals, such as styrene monomer, propylene oxide, solvents, linear alpha olefins, detergent alcohols, ethylene oxide, ethylene glycol, and polyethylene. The company was formerly known as Royal Dutch Shell plc and changed its name to Shell plc in January 2022. Shell plc was founded in 1897 and is headquartered in London, the United Kingdom."
FSLR,"First Solar, Inc.",EQUITY,Technology,Solar,United States,"First Solar, Inc., a solar technology company, provides photovoltaic (PV) solar energy solutions in the United States, France, India, Chile, and internationally. The company manufactures and sells PV solar modules with a thin film semiconductor technology that provides a lower-carbon alternative to conventional crystalline silicon PV solar modules. It also designs, manufactures, and sells cadmium telluride solar modules that converts sunlight into electricity. The company's residual business operations include project development activities, operations and maintenance services, and the sale of PV solar power systems to third-party customers. It serves developers and operators of systems, utilities, independent power producers, commercial and industrial companies, and other system owners. The company was formerly known as First Solar Holdings, Inc. and changed its name to First Solar, Inc. in 2006. First Solar, Inc. was founded in 1999 and is headquartered in Tempe, Arizona."
EGY,"VAALCO Energy, Inc.",EQUITY,Energy,Oil & Gas E&P,United States,"VAALCO Energy, Inc., an independent energy company, engages in the acquisition, exploration, development, and production of crude oil, natural gas, and natural gas liquids in Gabon, Egypt, Equatorial Guinea, Cote d'Ivoire, and Canada. It holds 58.8% interest in the Etame production sharing contract related to the Etame Marin block covering an area of approximately 46,200 gross acres located offshore in the Republic of Gabon in West Africa. The company also holds 100% interest in the Eastern Desert, which contains West Gharib, West Bakr, and North West Gharib merged concessions covering as area of approximately 45,067 acres, as well as Western Desert, which contains the South Ghazalat concession covering as area of approximately 7,340 acres located in Egypt. In addition, it holds 27.4% non-operated working interest in CI-40 in the deepwater producing Baobab field in Block CI-40, offshore Cote d'Ivoire in West Africa. Further, the company owns production and working interests in Cardium light oil and Mannville liquids-rich gas assets covering as area of 49,100 gross acres of developed land and 28,900 gross acres of undeveloped land located near the north of Calgary, Alberta; and a 60% working interest in an undeveloped portion of block P offshore Equatorial Guinea. VAALCO Energy, Inc. was incorporated in 1985 and is headquartered in Houston, Texas."
PLTR,Palantir Technologies Inc.,EQUITY,Technology,Software - Infrastructure,United States,"Palantir Technologies Inc. builds and deploys software platforms for the intelligence community to assist in counterterrorism investigations and operations in the United States, the United Kingdom, and internationally. It provides Palantir Gotham, a software platform, which enables users to identify patterns hidden deep within datasets, ranging from signals intelligence sources to reports from confidential informants, as well as facilitates the hand-off between analysts and operational users, helping operators plan and execute real-world responses to threats that have been identified within the platform. The company also offers Palantir Foundry, a platform that transforms the ways organizations operate by creating a central operating system for their data; and allows individual users to integrate and analyze the data they need in one place. In addition, it provides Palantir Apollo, a software that delivers software and updates across the business, as well as enables customers to deploy their software virtually in any environment; and Palantir Artificial Intelligence Platform that provides unified access to open-source, self-hosted, and commercial large language models (LLMs) that can transform structured and unstructured data into LLM-understandable objects and can turn organizations' actions and processes into tools for humans and LLM-driven agents. The company was incorporated in 2003 and is headquartered in Denver, Colorado."
BAC,Bank of America Corporation,EQUITY,Financial Services,Banks - Diversified,United States,"Bank of America Corporation, through its subsidiaries, provides various financial products and services for individual consumers, small and middle-market businesses, institutional investors, large corporations, and governments worldwide. The company operates through four segments: Consumer Banking, Global Wealth & Investment Management (GWIM), Global Banking, and Global Markets. The Consumer Banking segment offers traditional and money market savings accounts, certificates of deposit and IRAs, checking accounts, and investment accounts and products; credit and debit cards; residential mortgages and home equity loans; and direct and indirect loans, such as automotive, recreational vehicle, and consumer personal loans. The GWIM segment provides investment management, brokerage, banking, and trust and retirement products and services; wealth management solutions; and customized solutions, including specialty asset management services. The Global Banking segment offers lending products and services, including commercial loans, leases, commitment facilities, trade finance, and commercial real estate and asset-based lending; treasury solutions, such as treasury management, foreign exchange, short-term investing options, and merchant services; working capital management solutions; debt and equity underwriting and distribution, and merger-related and other advisory services; and fixed-income and equity research services. The Global Markets segment provides market-making, financing, securities clearing, settlement, and custody services; securities and derivative products; and risk management products using interest rate, equity, credit, currency and commodity derivatives, foreign exchange, fixed-income, and mortgage-related products. Bank of America Corporation was founded in 1784 and is based in Charlotte, North Carolina."
USB,U.S. Bancorp,EQUITY,Financial Services,Banks - Regional,United States,"U.S. Bancorp, a financial services holding company, provides various financial services to individuals, businesses, institutional organizations, governmental entities, and other financial institutions in the United States. The company operates through Wealth, Corporate, Commercial and Institutional Banking; Consumer and Business Banking; Payment Services; and Treasury and Corporate Support segments. It offers depository services, including checking accounts, savings accounts, and time certificate contracts; and lending services, such as traditional credit products and credit card services, lease financing and import/export trade, asset-backed lending, agricultural finance, and other products. The company also provides cash management, capital markets, and trust and investment management services; and ancillary services comprising capital markets, treasury management, and receivable lock-box collection services to corporate and governmental entity customers. In addition, it offers asset management and fiduciary services for individuals, estates, foundations, business corporations, and charitable organizations; and investment and insurance products to its customers principally within its domestic markets, as well as fund administration services to mutual and other funds. Further, the company provides corporate and purchasing card, and corporate trust services; and credit card services, merchant and ATM processing, mortgage banking, insurance, brokerage and leasing services. U.S. Bancorp was founded in 1863 and is headquartered in Minneapolis, Minnesota."
GERN,Geron Corporation,EQUITY,Healthcare,Biotechnology,United States,"Geron Corporation, a commercial-stage biopharmaceutical company, focuses on the development of therapeutics products for oncology. It offers RYTELO a telomerase inhibitor for the treatment f adult patients with low- to intermediate-1 risk myelodysplastic syndromes with transfusion-dependent anemia. The company was incorporated in 1990 and is headquartered in Foster City, California."
MRK,"Merck & Co., Inc.",EQUITY,Healthcare,Drug Manufacturers - General,United States,"Merck & Co., Inc. operates as a healthcare company worldwide. It operates through two segments, Pharmaceutical and Animal Health. The company offers human health pharmaceutical for various areas, including oncology, vaccines, hospital acute care, cardiovascular, virology, neuroscience, and diabetes under the Keytruda, Welireg, Gardasil, ProQuad, M-M-R II, Varivax, Vaxneuvance, RotaTeq, Pneumovax 23, Bridion, Dificid, Zerbaxa, Noxafil, Winrevair, Adempas, Verquvo, Lagevrio, Isentress/Isentress HD, Delstrigo, Pifeltro, Belsomra, Januvia, and Janumet brands. It also provides veterinary pharmaceuticals, vaccines and health management solutions and services, such as livestock products under the Nuflor, Bovilis/Vista, Bovilis Cryptium, Banamine, Estrumate, Matrix, Resflor, Zuprevo, Revalor, Safe-Guard, M+Pac, Porcilis, Circumvent, Nobilis/Innovax, Paracox and Coccivac, Exzolt, Slice, Imvixa, Clynav, Aquavac/Norvax, Aquaflor, Flexolt brands; Allflex Livestock Intelligence solutions for animal identification, monitoring and traceability; and companion animal products under the Bravecto One-Month, Bravecto Injectable/Quantum, Bravecto Plus, Sentinel Spectrum, Sentinel Flavor Tabs, Optimmune, Nobivac NXT, GilvetMab, Otomax, Mometamax, Mometamax Ultra, Posatex, Caninsulin/Vetsulin, Panacur, Regumate, Prestige, Scalibor/Exspot, Sure Petcare, and Home Again brands. The company has development and commercialization agreement for three of Daiichi Sankyo's deruxtecan ADC candidates; AstraZeneca PLC to co-development and co-commercialize AstraZeneca's Lynparza products for multiple cancer types, and Koselugo for multiple indications; licensed to develop, manufacture and commercialize LM-299, a novel investigational PD-1/VEGF bispecific antibody from LaNova; and collaboration agreement with Eisai Co., Ltd., Bayer AG, and Ridgeback Biotherapeutics LP, as well Moderna, Inc. It has a collaboration agreement with Antengene Corporation Limited to evaluate the combination of ATG-022, a CLDN18.2-targeting antibody-drug conjugate, and anti-PD-1 therapy, as well as KEYTRUDA (pembrolizumab) in patients with advanced solid tumors. Merck & Co., Inc. was founded in 1891 and is headquartered in Rahway, New Jersey."
NBIX,"Neurocrine Biosciences, Inc.",EQUITY,Healthcare,Drug Manufacturers - Specialty & Generic,United States,"Neurocrine Biosciences, Inc. discovers, develops, and markets pharmaceuticals for neurological, neuroendocrine, and neuropsychiatric disorders in the United States and internationally. The company's products include INGREZZA for tardive dyskinesia and chorea associated with Huntington's disease; ALKINDI for adrenal insufficiency; Efmody capsules for classic congenital adrenal hyperplasia; Orilissa tablets for endometriosis; Oriahnn capsules to treat uterine fibroids; and CRENESSITY to treat congenital adrenal hyperplasia. Its product candidates in clinical development include valbenazine to treat dyskinetic cerebral palsy and schizophrenia; NBI-1076986 to treat movement disorders; Osavampator for inadequate response to treatment in major depressive disorder; NBI-1117568 for the treatment of schizophrenia; NBI-1070770 to treat major depressive disorder; and NBI-1117570, NBI-1117567, NBI-1117569, and NBI-1065890 for neuropsychiatric and neurological conditions. The company also has license and collaboration agreements with Nxera Pharma UK Limited; Takeda Pharmaceutical Company Limited; Xenon Pharmaceuticals Inc.; Voyager Therapeutics, Inc.; Mitsubishi Tanabe Pharma Corporation; and AbbVie Inc. The company was incorporated in 1992 and is headquartered in San Diego, California."
PEP,"PepsiCo, Inc.",EQUITY,Consumer Defensive,Beverages - Non-Alcoholic,United States,"PepsiCo, Inc. engages in the manufacture, marketing, distribution, and sale of various beverages and convenient foods worldwide. The company operates through seven segments: Frito-Lay North America; Quaker Foods North America; PepsiCo Beverages North America; Latin America; Europe; Africa, Middle East and South Asia; and Asia Pacific, Australia and New Zealand and China Region. It provides dips, cheese-flavored snacks, and spreads, as well as corn, potato, and tortilla chips; cereals, rice, pasta, mixes and syrups, granola bars, grits, oatmeal, rice cakes, and side dishes; beverage concentrates, fountain syrups, and finished goods; ready-to-drink tea, coffee, and juices; dairy products; and sparkling water makers and related products, as well as distributes alcoholic beverages under Hard MTN Dew brand. The company offers its products primarily under the Lay's, Doritos, Fritos, Tostitos, BaiCaoWei, Cheetos, Cap'n Crunch, Life, Pearl Milling Company, Gatorade, Pepsi-Cola, Mountain Dew, Quaker, Rice-A-Roni, Aquafina, Bubly, Emperador, Diet Mountain Dew, Diet Pepsi, Gatorade Zero, Crush, Propel, Dr Pepper, Schweppes, Marias Gamesa, Ruffles, Sabritas, Saladitas, Tostitos, 7UP, Diet 7UP, H2oh!, Manzanita Sol, Mirinda, Pepsi Black, Pepsi Max, San Carlos, Toddy, Walkers, Chipsy, Kurkure, Sasko, Spekko, White Star, Smith's, Sting, SodaStream, Lubimyj Sad, Agusha, Chudo, Domik v Derevne, Lipton, and other brands. It serves wholesale and other distributors, foodservice customers, grocery stores, drug stores, convenience stores, discount/dollar stores, mass merchandisers, membership stores, hard discounters, e-commerce retailers and authorized independent bottlers, and others through a network of direct-store-delivery, customer warehouse, and distributor networks, as well as directly to consumers through e-commerce platforms and retailers. The company was founded in 1898 and is based in Purchase, New York."
KO,The Coca-Cola Company,EQUITY,Consumer Defensive,Beverages - Non-Alcoholic,United States,"The Coca-Cola Company, a beverage company, manufactures and sells various nonalcoholic beverages in the United States and internationally. The company provides sparkling soft drinks and flavors; water, sports, coffee, and tea; juice, value-added dairy, and plant-based beverages; and other beverages. It also offers beverage concentrates and syrups, as well as fountain syrups to fountain retailers comprising restaurants and convenience stores. The company sells its products under the Coca-Cola, Diet Coke/Coca-Cola Light, Coca-Cola Zero Sugar, caffeine free Diet Coke, Cherry Coke, Fanta Orange, Fanta Zero Orange, Fanta Zero Sugar, Fanta Apple, Sprite, Sprite Zero Sugar, Simply Orange, Simply Apple, Simply Grapefruit, Fresca, Schweppes, Thums Up, Aquarius, Ayataka, BODYARMOR, Ciel, Costa, Crystal, Dasani, dogadan, Fuze Tea, Georgia, glacéau smartwater, glacéau vitaminwater, Gold Peak, I LOHAS, Powerade, Topo Chico, Core Power, Del Valle, fairlife, innocent, Maaza, Minute Maid, Minute Maid Pulpy, and Simply brands. It operates through a network of independent bottling partners, distributors, wholesalers, and retailers, as well as through bottling and distribution operators. The company was founded in 1886 and is headquartered in Atlanta, Georgia."
WMT,Walmart Inc.,EQUITY,Consumer Defensive,Discount Stores,United States,"Walmart Inc. engages in the operation of retail and wholesale stores and clubs, eCommerce websites, and mobile applications worldwide. The company operates through three segments: Walmart U.S., Walmart International, and Sam's Club. It operates supercenters, supermarkets, warehouse clubs, cash and carry stores, and discount stores under Walmart and Walmart Neighborhood Market brands; membership-only warehouse clubs; and ecommerce websites, such as walmart.com.mx, walmart.ca, flipkart.com, PhonePe and other sites. The company also offers grocery items, including dry grocery, snacks, dairy, meat, produce, deli and bakery, frozen foods, alcoholic and nonalcoholic beverages, as well as consumables, such as health and beauty aids, pet supplies, household chemicals, paper goods, and baby products; and fuel and other categories. In addition, it is involved in the provision of health and wellness products covering pharmacy, optical and hearing services, over-the-counter drugs, and protein and nutrition products; and home, hardlines, and seasonal items, including home improvement, outdoor living, gardening, furniture, apparel, jewelry, tools and power equipment, housewares, toys, and mattresses. Further, the company offers consumer electronics and accessories, software, video games, office supplies, appliances, and third-party gift cards. Additionally, it operates digital payment platforms; offers financial services and related products, including money transfers, bill payments, money orders, check cashing, prepaid access, co-branded credit cards, installment lending, and earned wage access; and markets lines of merchandise under private and licensed brands. The company was formerly known as Wal-Mart Stores, Inc. and changed its name to Walmart Inc. in February 2018. Walmart Inc. was founded in 1945 and is based in Bentonville, Arkansas."
TGT,Target Corporation,EQUITY,Consumer Defensive,Discount Stores,United States,"Target Corporation operates as a general merchandise retailer in the United States. The company offers apparel for women, men, young adults, kids, toddlers, and babies, as well as jewelry, accessories, and shoes; and beauty products, such as skin and bath care, cosmetics, hair care, oral care, deodorant, and shaving products. It also provides food and beverage products comprising dry and perishable grocery, including snacks, candy, beverages, deli, bakery, meat, produce, and food service; electronics which includes video games and consoles, toys, sporting goods, entertainment, and luggage; bed and bath, home décor, school/office supplies, storage, small appliances, kitchenware, greeting cards, party supplies, furniture, lighting, home improvement, and seasonal merchandise; and household essentials, such as household cleaning, paper products, over-the-counter healthcare, vitamins and supplements, baby gear, and pet supplies. In addition, the company sells merchandise through periodic design and creative partnerships, and shop-in-shop experience; and in-store amenities. It sells its products through its stores; and digital channels, including Target.com. Target Corporation was incorporated in 1902 and is headquartered in Minneapolis, Minnesota."
DLTR,"Dollar Tree, Inc.",EQUITY,Consumer Defensive,Discount Stores,United States,"Dollar Tree, Inc. operates retail discount stores under the Dollar Tree and Dollar Tree Canada brands in the United States and Canada. The company offers consumable merchandise comprising everyday consumables, such as household paper and chemicals, food, candy, health, personal care products, and frozen and refrigerated food; variety merchandise consisting of toys, durable housewares, gifts, stationery, party goods, greeting cards, softlines, arts and crafts supplies, and other items; and seasonal goods, including Christmas, Easter, Halloween, and Valentine's Day merchandise. Dollar Tree, Inc. was founded in 1986 and is based in Chesapeake, Virginia."
DG,Dollar General Corporation,EQUITY,Consumer Defensive,Discount Stores,United States,"Dollar General Corporation, a discount retailer, provides various merchandise products in the southern, southwestern, midwestern, and eastern United States. The company offers consumable products, including paper towels, bath tissues, paper dinnerware, trash and storage bags, disinfectants, and laundry products; packaged food, such as cereals, pasta, canned soups, canned meats, fruits and vegetables, condiments, spices, sugar, and flour; and perishables, including milk, eggs, bread, refrigerated and frozen food, beer, wine, and produce; candy, cookies, crackers, salty snacks, and carbonated beverages; over-the-counter medicines and personal care products including soap, body wash, shampoo, cosmetics, dental hygiene and foot care products; pet supplies and pet food; and tobacco products. It also provides seasonal products comprising holiday items, toys, batteries, small electronics, greeting cards, stationery, prepaid phones and accessories, gardening supplies, hardware, automotive, and home office supplies; home products include kitchen supplies, cookware, small appliances, light bulbs, storage containers, frames, candles, craft supplies and kitchen, and bed and bath soft goods; and apparel products for infants, toddlers, girls, boys, women and men, as well as socks, underwear, disposable diapers, shoes and accessories. The company was formerly known as J.L. Turner & Son, Inc. and changed its name to Dollar General Corporation in 1968. Dollar General Corporation was founded in 1939 and is based in Goodlettsville, Tennessee."
CBRE,"CBRE Group, Inc.",EQUITY,Real Estate,Real Estate Services,United States,"CBRE Group, Inc. operates as a commercial real estate services and investment company in the United States, the United Kingdom, and internationally. The Advisory Services segment offers strategic advice and execution to owners, investors, and occupiers of real estate in connection with leasing of offices, and industrial and retail space; clients fully integrated property sales services under the CBRE Capital Markets brand; clients commercial mortgage and structured financing services; originates and sells commercial mortgage loans; property management services, such as marketing, building engineering, accounting, and financial services on a contractual basis for owners of and investors in office, industrial, and retail properties; and valuation services that include market value appraisals, litigation support, discounted cash flow analyses, and feasibility studies, as well as consulting services, such as property condition reports, hotel advisory, and environmental consulting. The Global Workplace Solutions segment provides facilities management, including day-to-day management of client-occupied space, headquarters, regional offices, administrative offices, data centers and other critical facilities, manufacturing and laboratory facilities, and distribution facilities and retail space; and project management services comprising building consulting, program, and project and cost management services under the Turner & Townsend brand name. The Real Estate Investments segment offers investment management services under the CBRE Investment Management brand to pension funds, insurance companies, sovereign wealth funds, foundations, endowments, and other institutional investors; and development services, such as real estate development and investment activities under the Trammell Crow Company and Telford Homes brands to users and investors in commercial real estate, and for their own account. CBRE Group, Inc. was founded in 1906 and is headquartered in Dallas, Texas."
AVB,"AvalonBay Communities, Inc.",EQUITY,Real Estate,REIT - Residential,United States,"AvalonBay Communities, Inc., a member of the S&P 500, is an equity REIT that develops, redevelops, acquires and manages apartment communities in leading metropolitan areas in New England, the New York/New Jersey Metro area, the Mid-Atlantic, the Pacific Northwest, and Northern and Southern California, as well as in the Company's expansion regions of Raleigh-Durham and Charlotte, North Carolina, Southeast Florida, Dallas and Austin, Texas, and Denver, Colorado. As of December 31, 2024, the Company owned or held a direct or indirect ownership interest in 306 apartment communities containing 93,518 apartment homes in 12 states and the District of Columbia, of which 17 communities were under development."
DLR,"Digital Realty Trust, Inc.",EQUITY,Real Estate,REIT - Specialty,United States,"Digital Realty Trust, Inc. (Digital Realty or the company) owns, acquires, develops, and operates data centers through its operating partnership subsidiary, Digital Realty Trust, L.P. (the operating partnership). The company is focused on providing data center, colocation, and interconnection solutions for domestic and international customers across a variety of industry verticals ranging from cloud and information technology services, communications and social networking to financial services, manufacturing, energy, healthcare, and consumer products. As of March 31, 2025, the company's 308 data centers, including 78 data centers held as investments in unconsolidated joint ventures, contain applications and operations critical to the day-to-day operations of technology industry and corporate enterprise data center customers. Digital Realty's portfolio is comprised of approximately 41.8 million square feet, excluding approximately 9.5 million square feet of space under active development and 5.1 million square feet of space held for future development, located throughout North America, Europe, South America, Asia, Australia, and Africa."
MTDR,Matador Resources Company,EQUITY,Energy,Oil & Gas E&P,United States,"Matador Resources Company, an independent energy company, engages in the acquisition, exploration, development, and production of oil and natural gas resources in the United States. It operates through two segments, Exploration and Production; and Midstream. The company primarily holds interests in the Wolfcamp and Bone Spring plays in the Delaware Basin in Southeast New Mexico and West Texas. It also operates the Eagle Ford shale play in South Texas; and the Haynesville shale and Cotton Valley plays in Northwest Louisiana. In addition, the company conducts midstream operations in support of its exploration, development, and production operations. Further, it provides natural gas processing and oil transportation services; and oil, natural gas, and produced water gathering services, as well as produced water disposal services to third parties. The company sells natural gas to unaffiliated independent marketing companies and unaffiliated midstream companies. The company was formerly known as Matador Holdco, Inc. and changed its name to Matador Resources Company in August 2011. Matador Resources Company was incorporated in 2003 and is headquartered in Dallas, Texas."
TSM,Taiwan Semiconductor Manufacturing Company Limited,EQUITY,Technology,Semiconductors,Taiwan,"Taiwan Semiconductor Manufacturing Company Limited, together with its subsidiaries, manufactures, packages, tests, and sells integrated circuits and other semiconductor devices in Taiwan, China, Europe, the Middle East, Africa, Japan, the United States, and internationally. It provides various wafer fabrication processes, such as processes to manufacture complementary metal- oxide-semiconductor (CMOS) logic, mixed-signal, radio frequency, embedded memory, bipolar CMOS mixed-signal, and others. The company also involved in providing customer and engineering support services; manufacturing of masks; investment in technology start-up companies; research, designing, developing, manufacturing, packaging, testing, and sale of color filters; and investment activities. Its products are used in high performance computing, smartphones, Internet of things, automotive, and digital consumer electronics. The company was incorporated in 1987 and is headquartered in Hsinchu City, Taiwan."
WFRD,Weatherford International plc,EQUITY,Energy,Oil & Gas Equipment & Services,United States,"Weatherford International plc, an energy services company, provides equipment and services for the drilling, evaluation, completion, production, and intervention of oil, geothermal, and natural gas wells worldwide. The company operates through three segments: Drilling and Evaluation; Well Construction and Completions; and Production and Intervention. It offers managed pressure drilling; directional drilling services, and logging and measurement services while drilling; services related to rotary-steerable systems, high temperature and high pressure sensors, drilling reamers, and circulation subs; open-hole and cased-hole logging services; drilling fluids; and intervention and remediation services. The company also provides tubular handling, management, and connection services; cementing products, including plugs, float and stage equipment, and torque-and-drag reduction technology for zonal isolation; completion tools, such as safety valves, production packers, downhole reservoir monitoring, flow control, isolation packers, multistage fracturing systems and sand-control technologies; liner hangers to suspend a casing string in high-temperature and high-pressure wells; and well Services. In addition, it offers re-entry, fishing, and well abandonment services, as well as patented bottom hole, tubular-handling equipment, pressure-control equipment, and drill pipe and tubulars; artificial lift systems, including reciprocating rod, progressing cavity pumping, and related automation and control systems, as well as gas, hydraulic, plunger, and hybrid lift systems; and software, automation and flow measurement solutions. Further, it provides electrical and hydraulic power transmission to subsea equipment; and pressure pumping and reservoir stimulation services, such as acidizing, fracturing, cementing, and coiled-tubing intervention. The company was incorporated in 1972 and is based in Houston, Texas."
BMA,Banco Macro S.A.,EQUITY,Financial Services,Banks - Regional,Argentina,"Banco Macro S.A. provides various banking products and services to retail and corporate customers in Argentina. It offers various retail banking products and services, such as savings and checking accounts, time deposits, credit and debit cards, consumer finance loans, mortgage loans, automobile loans, overdrafts, credit-related services, home and car insurance coverage, tax collection, utility payments, automated teller machines, and money transfers. The company also provides personal loans, document discounts, residential mortgages, overdrafts, pledged loans, and credit card loans to retail customers. In addition, it offers corporate banking products and services, including deposits, lending, check cashing advances and factoring, guaranteed loans, credit lines for financing foreign trade, and cash management services; and trust, payroll, and financial agency services, as well as corporate credit cards and other specialty products; and working capital facilities, credit for investment projects, and leasing and foreign trade transactions. Further, the company provides transaction services, such as cash management, collection services, payments to suppliers, payroll services, foreign exchange transactions, and foreign trade services; information services comprising Datanet and Interpymes services to corporate customers; and Internet and mobile banking services. Additionally, it offers short-term and medium-to-long-term corporate lending products. Banco Macro S.A. was incorporated in 1966 and is headquartered in Buenos Aires, Argentina."
MU,"Micron Technology, Inc.",EQUITY,Technology,Semiconductors,United States,"Micron Technology, Inc. designs, develops, manufactures, and sells memory and storage products in the United States, Taiwan, Mainland China, rest of the Asia Pacific, Hong Kong, Japan, Europe, and internationally. The company operates through four segments: Compute and Networking Business Unit, Mobile Business Unit, Embedded Business Unit, and Storage Business Unit. It provides memory and storage technologies comprising dynamic random access memory semiconductor devices with low latency that provide high-speed data retrieval; non-volatile and re-writeable semiconductor storage devices; and non-volatile re-writable semiconductor memory devices that provide fast read speeds under the Micron and Crucial brands, as well as through private labels. The company offers serves the data center, PC, graphics, networking, automotive, industrial, and consumer embedded markets, as well as for smartphone and other mobile-device markets. It markets its products through its direct sales force, independent sales representatives, distributors, and retailers; and web-based customer direct sales channel, as well as through channel and distribution partners. Micron Technology, Inc. was founded in 1978 and is headquartered in Boise, Idaho."
CIVI,"Civitas Resources, Inc.",EQUITY,Energy,Oil & Gas E&P,United States,"Civitas Resources, Inc., an exploration and production company, focuses on the acquisition, development, and production of crude oil and associated liquids-rich natural gas. Its assets include DJ Basin assets comprising of approximately 356,800 net acres located in Weld, Arapahoe, Adams, and Boulder counties, Colorado; and Permian Basin assets comprising of 120,400 net acres located in Upton, Reagan, Glasscock, Martin, Midland, Reeves, and Loving counties, Texas, and Eddy and Lea counties, New Mexico. The company was formerly known as Bonanza Creek Energy, Inc. Civitas Resources, Inc. was incorporated in 2010 and is based in Denver, Colorado."
SYF,Synchrony Financial,EQUITY,Financial Services,Credit Services,United States,"Synchrony Financial, together with its subsidiaries, operates as a consumer financial services company in the United States. It provides credit products, such as credit cards, commercial credit products, and consumer installment loans. The company also offers private label credit cards, dual and general purpose co-branded cards, short- and long-term installment loans, and consumer banking products; and deposit products, including certificates of deposit, individual retirement accounts, money market accounts, savings accounts, and sweep and affinity deposits, as well as accepts deposits through third-party securities brokerage firms. In addition, it provides debt cancellation products to its credit card customers through online and mobile channels; and healthcare payments and financing solutions under the CareCredit and Walgreens brands; payments and financing solutions in the apparel, specialty retail, outdoor, music, and luxury industries, such as American Eagle, Dick's Sporting Goods, Guitar Center, Kawasaki, Pandora, Polaris, Suzuki, and Sweetwater. The company offers its credit products through programs established with a group of national and regional retailers, local merchants, manufacturers, buying groups, industry associations, and healthcare service providers; and deposit products through various channels, such as digital and print. It serves digital, health and wellness, retail, home, auto, telecommunications, pet, outdoor, and other industries. The company was founded in 1932 and is headquartered in Stamford, Connecticut."
MTRX,Matrix Service Company,EQUITY,Industrials,Engineering & Construction,United States,"Matrix Service Company provides engineering, fabrication, construction, and maintenance services to support critical energy infrastructure and industrial markets in the United States, Canada, and internationally. The company's Storage and Terminal Solutions segment undertakes work related to aboveground crude oil and refined product storage tanks and terminals; engineering, procurement, fabrication, and construction services related to cryogenic, specialty tanks, and terminals for LNG, NGLs, hydrogen, ammonia, propane, butane, liquid nitrogen/liquid oxygen, and liquid petroleum; and provides plant work, truck and rail loading/offloading facilities, and marine structures, as well as storage tank and terminal maintenance and repair. This segment offers engineered specialty tank products, including geodesic domes, aluminum internal floating roofs, floating suction and skimmer systems, roof drain systems, and floating roof seals. Its Utility and Power Infrastructure segment offers power delivery services, including construction of new substations, upgrades of existing substations, transmission and distribution line installations, and upgrades and maintenance, and emergency and storm restoration services. This segment provides engineering, fabrication, and construction services for LNG utility peak shaving facilities; and construction and maintenance services to power generation facilities, including natural gas fired facilities. The company's Process and Industrial Facilities segment offers plant maintenance and turnarounds for refining and processing of crude oil, fractionating, and marketing of natural gas and natural gas liquids; engineering, procurement, fabrication, and construction for refinery upgrades and retrofits for hydrogen processing, production, loading, and distribution facilities; and constructs thermal vacuum test chambers for aerospace and defense, and other industries. The company was founded in 1984 and is headquartered in Tulsa, Oklahoma."
JKS,"JinkoSolar Holding Co., Ltd.",EQUITY,Technology,Solar,China,"JinkoSolar Holding Co., Ltd., together with its subsidiaries, engages in the design, development, production, and marketing of photovoltaic products. The company offers solar modules, silicon wafers, solar cells, recovered silicon materials, and silicon ingots. It provides solar system integration services; solar power generation and solar system EPC services; and energy storage system, as well as undertakes solar power projects. The company sells its products to distributors, project developers, system integrators, and manufacturers of solar power products under the JinkoSolar brand. As of December 31, 2024, it had an integrated annual capacity of 120 gigawatts (GW) for mono wafers; 95 GW for solar cells; and 130 GW for solar modules. It operates in China, the United States, Mexico, Australia, Japan, the United Arab Emirates, Turkey, Jordan, Vietnam, Egypt, Spain, Germany, and internationally. The company was founded in 2006 and is headquartered in Shangrao, the People's Republic of China."
ARM,Arm Holdings plc,EQUITY,Technology,Semiconductors,United Kingdom,"Arm Holdings plc architects, develops, and licenses central processing unit products and related technologies for semiconductor companies and original equipment manufacturers. The company is involved in the licensing, marketing, research, and development of microprocessors, systems intellectual property (IPs), graphics processing units, physical IP and associated systems IPs, software, tools, and other related services. It also offers arm central processing units, accelerators, system IP products, and compute platform products, as well as development tools and software. The company's products are used in various markets, such as automotive, computing infrastructure, consumer technologies, and Internet of things. It operates in the United States, the People's Republic of China, Taiwan, the Republic of Korea, and internationally. The company was founded in 1990 and is headquartered in Cambridge, the United Kingdom. Arm Holdings plc is a subsidiary of SoftBank Group Corp."
AVGO,Broadcom Inc.,EQUITY,Technology,Semiconductors,United States,"Broadcom Inc. designs, develops, and supplies various semiconductor devices with a focus on complex digital and mixed signal complementary metal oxide semiconductor based devices and analog III-V based products worldwide. The company operates in two segments, Semiconductor Solutions and Infrastructure Software. It provides Ethernet switching and routing custom silicon solutions, optical and copper physical layer devices, and fiber optic transmitter and receiver components; set-top box system-on-chips (SoCs), data over cable service interface specifications cable modem and networking infrastructure, DSL access multiplexer/PON optical line termination products, and Wi-Fi access point SoCs, as well as digital subscriber line (DSL)/cable, passive optical networking (PON) gateways; and fiber optic components and mobile device connectivity solutions. The company also offers RF front end modules and filters; Wi-Fi, Bluetooth, and global positioning system/global navigation satellite system SoCs; custom touch controllers; inductive charging application specific integrated circuits; serial attached small computer system interface and redundant array of independent disks controllers and adapters, peripheral component interconnect express switches, fiber channel host bus adapters, read channel based SoCs, custom flash controllers, and preamplifiers; and optocouplers, industrial fiber optics, industrial and medical sensors, motion control encoders and subsystems, light emitting diodes, ethernet PHYs, switch ICs, and camera microcontrollers. Its products are used in various applications in enterprise and data center networking, including artificial intelligence networking and connectivity, home connectivity, set-top boxes, broadband access, telecommunication equipment, smartphones and base stations, data center servers and storage systems, factory automation, power generation and alternative energy systems, and electronic displays. Broadcom Inc. was founded in 1961 and is headquartered in Palo Alto, California."
CRDO,Credo Technology Group Holding Ltd,EQUITY,Technology,Semiconductors,Cayman Islands,"Credo Technology Group Holding Ltd provides various high-speed connectivity Credo Technology Group Holding Ltd provides various high-speed connectivity solutions for optical and electrical Ethernet applications in the United States, Taiwan, Mainland China, Hong Kong, and internationally. Its products include HiWire active electrical cables, optical digital signal processors, low-power line card PHY, serializer/deserializer (SerDes) chiplets, and SerDes IP, as well as integrated circuits, active electrical cables. The company also offers intellectual property solutions consist of SerDes IP licensing. It sells its products to hyperscalers, original equipment manufacturers, original design manufacturers and optical module manufacturers, as well as into the enterprise and HPC markets. The company was founded in 2008 and is based in Grand Cayman, Cayman Islands."
KHC,The Kraft Heinz Company,EQUITY,Consumer Defensive,Packaged Foods,United States,"The Kraft Heinz Company, together with its subsidiaries, manufactures and markets food and beverage products in North America and internationally. Its products include condiments and sauces, cheese and dairy products, meals, meats, refreshment beverages, coffee, and other grocery products under the Kraft, Oscar Mayer, Heinz, Philadelphia, Lunchables, Velveeta, Ore-Ida, Maxwell House, Kool-Aid, Jell-O, Heinz, ABC, Master, Quero, Kraft, Golden Circle, Wattie's, Pudliszki, and Plasmon brands. It sells its products through its own sales organizations, as well as through independent brokers, agents, and distributors to chain, wholesale, cooperative, and independent grocery accounts; convenience, value, and club stores; pharmacies and drug stores; mass merchants; foodservice distributors; institutions, including hotels, restaurants, bakeries, hospitals, health care facilities, and government agencies; and c various e-commerce platforms and retailers. The company was formerly known as H.J. Heinz Holding Corporation and changed its name to The Kraft Heinz Company in July 2015. The company was founded in 1869 and is based in Pittsburgh, Pennsylvania."
AAPL,Apple Inc.,EQUITY,Technology,Consumer Electronics,United States,"Apple Inc. designs, manufactures, and markets smartphones, personal computers, tablets, wearables, and accessories worldwide. The company offers iPhone, a line of smartphones; Mac, a line of personal computers; iPad, a line of multi-purpose tablets; and wearables, home, and accessories comprising AirPods, Apple TV, Apple Watch, Beats products, and HomePod. It also provides AppleCare support and cloud services; and operates various platforms, including the App Store that allow customers to discover and download applications and digital content, such as books, music, video, games, and podcasts, as well as advertising services include third-party licensing arrangements and its own advertising platforms. In addition, the company offers various subscription-based services, such as Apple Arcade, a game subscription service; Apple Fitness+, a personalized fitness service; Apple Music, which offers users a curated listening experience with on-demand radio stations; Apple News+, a subscription news and magazine service; Apple TV+, which offers exclusive original content; Apple Card, a co-branded credit card; and Apple Pay, a cashless payment service, as well as licenses its intellectual property. The company serves consumers, and small and mid-sized businesses; and the education, enterprise, and government markets. It distributes third-party applications for its products through the App Store. The company also sells its products through its retail and online stores, and direct sales force; and third-party cellular network carriers, wholesalers, retailers, and resellers. Apple Inc. was founded in 1976 and is headquartered in Cupertino, California."
META,"Meta Platforms, Inc.",EQUITY,Communication Services,Internet Content & Information,United States,"Meta Platforms, Inc. engages in the development of products that enable people to connect and share with friends and family through mobile devices, personal computers, virtual reality and mixed reality headsets, augmented reality, and wearables worldwide. It operates through two segments, Family of Apps (FoA) and Reality Labs (RL). The FoA segment offers Facebook, which enables people to build community through feed, reels, stories, groups, marketplace, and other; Instagram that brings people closer through instagram feed, stories, reels, live, and messaging; Messenger, a messaging application for people to connect with friends, family, communities, and businesses across platforms and devices through text, audio, and video calls; Threads, an application for text-based updates and public conversations; and WhatsApp, a messaging application that is used by people and businesses to communicate and transact in a private way. The RL segment provides virtual, augmented, and mixed reality related products comprising consumer hardware, software, and content that help people feel connected, anytime, and anywhere. The company was formerly known as Facebook, Inc. and changed its name to Meta Platforms, Inc. in October 2021. The company was incorporated in 2004 and is headquartered in Menlo Park, California."
NVDA,NVIDIA Corporation,EQUITY,Technology,Semiconductors,United States,"NVIDIA Corporation, a computing infrastructure company, provides graphics and compute and networking solutions in the United States, Singapore, Taiwan, China, Hong Kong, and internationally. The Compute & Networking segment comprises Data Center computing platforms and end-to-end networking platforms, including Quantum for InfiniBand and Spectrum for Ethernet; NVIDIA DRIVE automated-driving platform and automotive development agreements; Jetson robotics and other embedded platforms; NVIDIA AI Enterprise and other software; and DGX Cloud software and services. The Graphics segment offers GeForce GPUs for gaming and PCs, the GeForce NOW game streaming service and related infrastructure, and solutions for gaming platforms; Quadro/NVIDIA RTX GPUs for enterprise workstation graphics; virtual GPU or vGPU software for cloud-based visual and virtual computing; automotive platforms for infotainment systems; and Omniverse software for building and operating industrial AI and digital twin applications. It also customized agentic solutions designed in collaboration with NVIDIA to accelerate enterprise AI adoption. The company's products are used in gaming, professional visualization, data center, and automotive markets. It sells its products to original equipment manufacturers, original device manufacturers, system integrators and distributors, independent software vendors, cloud service providers, consumer internet companies, add-in board manufacturers, distributors, automotive manufacturers and tier-1 automotive suppliers, and other ecosystem participants. NVIDIA Corporation was incorporated in 1993 and is headquartered in Santa Clara, California."
